stride_bytes,cycles,instructions,cache_references,l1_dcache_load_misses,llc_load_misses,ipc,l1_dcache_miss_rate,llc_miss_rate
1,9768973279,35490687481,96138048,5535251,232579,3.6330007737141647,0.05757607019439379,0.0024192190796301586
2,5077275933,18399045068,94787153,948423,127800,3.6238024702211904,0.010005817982527653,0.001348283981058066
4,3192949316,10154239637,97714985,833917,141157,3.180206959790025,0.008534177229828159,0.001444578843255208
8,2243683847,5715427735,94837999,1666957,246659,2.5473409467390082,0.017576889196070027,0.0026008456800106043
16,1971788746,3611055183,97394815,6916707,10163142,1.831360073600907,0.07101719942688942,0.1043499286897357
32,1746248887,2522464787,95566405,12657755,60430673,1.444504735710105,0.1324498394597976,0.6323422231902518
64,1679560955,1979706872,97328157,46516974,52864014,1.178704986030114,0.47793953398295624,0.5431523171655249
128,1522596447,1725825345,65235004,31804862,19404961,1.1334752214878905,0.4875428841853064,0.29746240224036774
256,1089940579,1598670239,38571547,16847330,10139339,1.4667499034367084,0.4367812885493029,0.2628709447406919
